{"mean": [18.74852375, 173939.92025, 86.0855], "scale": [16.626600243531023, 620074.7440754503, 11.441140229452657]}